{"cameraMode":{"drawMode":0,"name":"Shaded","section":"Shading Mode"},"sceneLighting":false,"audioPlay":false,"sceneViewState":{"m_AlwaysRefresh":false,"showFog":true,"showSkybox":false,"showFlares":true,"showImageEffects":true,"showParticleSystems":true,"showVisualEffectGraphs":true,"m_FxEnabled":true},"in2DMode":false,"pivot":{"x":3.1777257919311525,"y":0.5320000052452087,"z":0.5130000114440918},"rotation":{"x":0.0022213354241102936,"y":0.9924519062042236,"z":-0.12149172276258469,"w":0.01816515251994133},"size":0.23837243020534516,"orthographic":false}