{"cameraMode":{"drawMode":0,"name":"Shaded","section":"Shading Mode"},"sceneLighting":true,"audioPlay":false,"sceneViewState":{"m_AlwaysRefresh":false,"showFog":true,"showSkybox":true,"showFlares":true,"showImageEffects":true,"showParticleSystems":true,"showVisualEffectGraphs":true,"m_FxEnabled":true},"in2DMode":false,"pivot":{"x":-0.7578197121620178,"y":3.6164088249206545,"z":-8.692681312561036},"rotation":{"x":-0.00874109286814928,"y":0.8959828019142151,"z":-0.4437011480331421,"w":-0.01765257492661476},"size":0.5848156809806824,"orthographic":false}